ID_Temporada,Año,Competencia,Division,Campeon,Subcampeon,Ascensos,Descensos,Foto_Trofeo
1,2025,Copa De La Liga Apertura 2025,Primera Division,Platense,Huracan,,,apertura_2025.jpg
2,2025,Copa De La Liga Clausura 2025,Primera Division,Estudiantes LP,Racing Club,,Godoy Cruz;San Martin de San Juan,clausura_2025.jpg
3,2024,Copa De La Liga 2024,Primera Division,Estudiantes LP,Velez Sarsfield,,,copa_2024.jpg
4,2024,Liga Profesional 2024,Primera Division,Velez Sarsfield,Talleres,,,liga_2024.jpg
5,2023,Copa De La Liga 2023,Primera Division,Rosario Central,Platense,,Arsenal;Colon,copa_2023.jpg
6,2023,Liga Profesional 2023,Primera Division,River Plate,Talleres,,,liga_2023.jpg
7,2022,Copa De La Liga 2022,Primera Division,Boca Juniors,Tigre,,,copa_2022.jpg
8,2022,Liga Profesional 2022,Primera Division,Boca Juniors,Racing Club,,Aldosivi;Patronato,liga_2022.jpg
9,2021,Copa De La Liga 2021,Primera Division,Colon,Racing Club,,,copa_2021.jpg
10,2021,Liga Profesional 2021,Primera Division,River Plate,Defensa y Justicia,,,liga_2021.jpg
11,2020,Copa Diego Armando Maradona 2020,Primera Division,Boca Juniors,Banfield,,,copa_2020.jpg
12,2019/20,Superliga Argentina 2019/2020,Primera Division,Boca Juniors,River Plate,,,superliga_2020.jpg
13,2020,Copa De La Superliga 2020,,,,,,
14,2018/19,Superliga Argentina 2018/2019,Primera Division,Racing Club,Defensa y Justicia,,San Martin de Tucuman;Tigre;San Martin de San Juan;Belgrano,superliga_2019.jpg
15,2019,Copa De La Superliga 2019,Primera Division,Tigre,Boca Juniors,,,copa_2019.jpg
16,2017/18,Superliga Argentina 2017/2018,Primera Division,Boca Juniors,Godoy Cruz,,Arsenal;Chacarita Juniors;Temperley;Olimpo,superliga_2018.jpg
17,2016/17,Superliga Argentina 2016/2017,Primera Division,Boca Juniors,River Plate,,Aldosivi;Atletico Rafaela;Quilmes;Sarmiento,superliga_2017.jpg
18,2016,Torneo Transición 2016,Primera Division,Lanus,San Lorenzo,,Argentinos Juniors,transicion_2016.jpg
19,2015,Primera División 2015,Primera Division,Boca Juniors,San Lorenzo,,Crucero del Norte;Nueva Chicago,primera_2015.jpg
20,2014,Torneo Transición 2014,Primera Division,Racing Club,River Plate,,,
21,2014,Torneo Final 2014,Primera Division,River Plate,Boca Juniors,,Colon;All Boys;Argentinos Juniors,
22,2013,Torneo Inicial 2013,Primera Division,San Lorenzo,Lanus,,,
23,2013,Torneo Final 2013,Primera Division,Newells,River Plate,,San Martin de San Juan;Independiente;Union,
24,2012,Torneo Inicial 2012,Primera Division,Velez Sarsfield,Newells,,,
25,2012,Torneo Clausura 2012,Primera Division,Arsenal,Tigre,,Olimpo;Banfield,
26,2011,Torneo Apertura 2011,Primera Division,Boca Juniors,Racing Club,,,
27,2011,Torneo Clausura 2011,Primera Division,Velez Sarsfield,Lanus,,River Plate;Huracan;Gimnasia LP;Quilmes,
28,2010,Torneo Apertura 2010,Primera Division,Estudiantes LP,Velez Sarsfield,,,
29,2010,Torneo Clausura 2010,Primera Division,Argentinos Juniors,Estudiantes LP,,Atletico Tucuman;Chacarita Juniors;Rosario Central,
30,2009,Torneo Apertura 2009,Primera Division,Banfield,Newells,,,
31,2009,Torneo Clausura 2009,Primera Division,Velez Sarsfield,Huracan,,San Martin de Tucuman;Gimnasia de Jujuy,
32,2008,Torneo Apertura 2008,Primera Division,Boca Juniors,Tigre,,,
33,2008,Torneo Clausura 2008,Primera Division,River Plate,Boca Juniors,,Olimpo;San Martin de San Juan,
34,2007,Torneo Apertura 2007,Primera Division,Lanus,Tigre,,,
35,2007,Torneo Clausura 2007,Primera Division,San Lorenzo,Boca Juniors,,Quilmes;Godoy Cruz;Belgrano;Nueva Chicago,
36,2006,Torneo Apertura 2006,Primera Division,Estudiantes LP,Boca Juniors,,,
37,2006,Torneo Clausura 2006,Primera Division,Boca Juniors,Lanus,,Instituto;Tiro Federal;Olimpo,
38,2005,Torneo Apertura 2005,Primera Division,Boca Juniors,Gimnasia LP,,,
39,2005,Torneo Clausura 2005,Primera Division,Velez Sarsfield,Banfield,,Almagro;Huracan de Tres Arroyos,
40,2004,Torneo Apertura 2004,Primera Division,Newells,Velez Sarsfield,,,
41,2004,Torneo Clausura 2004,Primera Division,River Plate,Boca Juniors,,Nueva Chicago;Chacarita Juniors;Talleres;Atletico Rafaela,
42,2003,Torneo Apertura 2003,Primera Division,Boca Juniors,San Lorenzo,,,
43,2003,Torneo Clausura 2003,Primera Division,River Plate,Boca Juniors,,Union;Huracan,
44,2002,Torneo Apertura 2002,Primera Division,Independiente,Boca Juniors,,,
45,2002,Torneo Clausura 2002,Primera Division,River Plate,Gimnasia LP,,Argentinos Juniors;Belgrano,
46,2001,Torneo Apertura 2001,Primera Division,Racing Club,River Plate,,,
47,2001,Torneo Clausura 2001,Primera Division,San Lorenzo,River Plate,,Los Andes;Almagro,
48,2000,Torneo Apertura 2000,Primera Division,Boca Juniors,River Plate,,,
49,2000,Torneo Clausura 2000,Primera Division,River Plate,Independiente,,Ferro Carril Oeste;Instituto,
50,1999,Torneo Apertura 1999,Primera Division,River Plate,Rosario Central,,,
51,1999,Torneo Clausura 1999,Primera Division,Boca Juniors,River Plate,,Platense;Huracan,
52,1998,Torneo Apertura 1998,Primera Division,Boca Juniors,Gimnasia LP,,,
53,1998,Torneo Clausura 1998,Primera Division,Velez Sarsfield,Lanus,,Deportivo Español;Gimnasia y Tiro,
54,1997,Torneo Apertura 1997,Primera Division,River Plate,Boca Juniors,,,
55,1997,Torneo Clausura 1997,Primera Division,River Plate,Colon,,Huracan Corrientes;Banfield,
56,1996,Torneo Apertura 1996,Primera Division,River Plate,Independiente,,,
57,1996,Torneo Clausura 1996,Primera Division,Velez Sarsfield,Gimnasia LP,,Belgrano;Argentinos Juniors,
58,1995,Torneo Apertura 1995,Primera Division,Velez Sarsfield,Racing Club,,,
59,1995,Torneo Clausura 1995,Primera Division,San Lorenzo,Gimnasia LP,,Deportivo Mandiyú;Talleres,
60,1994,Torneo Apertura 1994,Primera Division,River Plate,San Lorenzo,,,
61,1994,Torneo Clausura 1994,Primera Division,Independiente,Huracan,,Estudiantes LP;Gimnasia y Tiro,
62,1993,Torneo Apertura 1993,Primera Division,River Plate,Velez Sarsfield,,,
63,1993,Torneo Clausura 1993,Primera Division,Velez Sarsfield,Independiente,,Talleres;San Martin de Tucuman,
64,1992,Torneo Apertura 1992,Primera Division,Boca Juniors,River Plate,,,
65,1992,Torneo Clausura 1992,Primera Division,Newells,Velez Sarsfield,,Union;Quilmes,
66,1991,Torneo Apertura 1991,Primera Division,River Plate,Boca Juniors,,,
67,1991,Torneo Clausura 1991,Primera Division,Boca Juniors,San Lorenzo,,Chaco For Ever;Lanus,
68,1990,Torneo Apertura 1990,Primera Division,Newells,River Plate,,,
69,1989/1990,Campeonato de Primera División 1989-90,Primera Division,River Plate,Independiente,,Racing de Córdoba;Instituto,
70,1988/1989,Campeonato de Primera División 1988-89,Primera Division,Independiente,Boca Juniors,,San Martin de Tucuman;Deportivo Armenio,
71,1987/1988,Campeonato de Primera División 1987-88,Primera Division,Newells,San Lorenzo,,Banfield;Union,
72,1986/1987,Campeonato de Primera División 1986-87,Primera Division,Rosario Central,Newells,,Deportivo Italiano;Temperley,
73,1985/1986,Campeonato de Primera División 1985-86,Primera Division,River Plate,Newells,,Chacarita Juniors;Huracan,
74,1985,Torneo Nacional 1985,Primera Division,Argentinos Juniors,Velez Sarsfield,,,
75,1984,Torneo Nacional 1984,Primera Division,Ferro Carril Oeste,River Plate,,,
76,1984,Campeonato de Primera División 1984,Primera Division,Argentinos Juniors,Ferro Carril Oeste,,Rosario Central;Atlanta,
77,1983,Torneo Nacional 1983,Primera Division,Estudiantes LP,Independiente,,,
78,1983,Torneo Metropolitano 1983,Primera Division,Independiente,San Lorenzo,,Nueva Chicago;Racing Club,
79,1982,Torneo Nacional 1982,Primera Division,Ferro Carril Oeste,Quilmes,,,
80,1982,Torneo Metropolitano 1982,Primera Division,Estudiantes LP,Independiente,,Quilmes;Sarmiento,
81,1981,Torneo Nacional 1981,Primera Division,River Plate,Ferro Carril Oeste,,,
82,1981,Torneo Metropolitano 1981,Primera Division,Boca Juniors,Ferro Carril Oeste,,San Lorenzo;Colon,
83,1980,Torneo Nacional 1980,Primera Division,Rosario Central,Racing de Córdoba,,,
84,1980,Torneo Metropolitano 1980,Primera Division,River Plate,Argentinos Juniors,,Quilmes;All Boys;Tigre,
85,1979,Torneo Nacional 1979,Primera Division,River Plate,Union,,,
86,1979,Torneo Metropolitano 1979,Primera Division,River Plate,Velez Sarsfield,,Gimnasia LP;Chacarita Juniors;Atlanta,
87,1978,Torneo Nacional 1978,Primera Division,Independiente,River Plate,,,
88,1978,Torneo Metropolitano 1978,Primera Division,Quilmes,Boca Juniors,,Banfield;Estudiantes de Caseros,
89,1977,Torneo Nacional 1977,Primera Division,Independiente,Talleres,,,
90,1977,Torneo Metropolitano 1977,Primera Division,River Plate,Independiente,,Temperley;Ferro Carril Oeste;Lanus,
91,1976,Torneo Nacional 1976,Primera Division,Boca Juniors,River Plate,,,
92,1976,Torneo Metropolitano 1976,Primera Division,Boca Juniors,Huracan,,San Telmo,
93,1975,Torneo Nacional 1975,Primera Division,River Plate,Estudiantes LP,,,
94,1975,Torneo Metropolitano 1975,Primera Division,River Plate,Huracan,,,
95,1974,Torneo Nacional 1974,Primera Division,San Lorenzo,Rosario Central,,,
96,1974,Torneo Metropolitano 1974,Primera Division,Newells,Rosario Central,,,
97,1973,Torneo Nacional 1973,Primera Division,Rosario Central,River Plate,,,
98,1973,Torneo Metropolitano 1973,Primera Division,Huracan,Boca Juniors,,,
99,1972,Torneo Nacional 1972,Primera Division,San Lorenzo,River Plate,,,
100,1972,Torneo Metropolitano 1972,Primera Division,San Lorenzo,Racing Club,,Banfield;Lanus,
101,1971,Torneo Nacional 1971,Primera Division,Rosario Central,San Lorenzo,,,
102,1971,Torneo Metropolitano 1971,Primera Division,Independiente,Velez Sarsfield,,Los Andes;Platense,
103,1970,Torneo Nacional 1970,Primera Division,Boca Juniors,Rosario Central,,,
104,1970,Torneo Metropolitano 1970,Primera Division,Independiente,River Plate,,Lanus;Union;Quilmes,
105,1969,Torneo Nacional 1969,Primera Division,Boca Juniors,River Plate,,,
106,1969,Torneo Metropolitano 1969,Primera Division,Chacarita Juniors,River Plate,,Deportivo Moron,
107,1968,Torneo Nacional 1968,Primera Division,Velez Sarsfield,River Plate,,,
108,1968,Torneo Metropolitano 1968,Primera Division,San Lorenzo,Estudiantes LP,,Tigre;Ferro Carril Oeste,
109,1967,Torneo Nacional 1967,Primera Division,Independiente,Estudiantes LP,,,
110,1967,Torneo Metropolitano 1967,Primera Division,Estudiantes LP,Racing Club,,Union;Deportivo Español,
111,1966,Campeonato de Primera Division 1966,Primera Division,Racing Club,River Plate,,,
112,1965,Campeonato de Primera Division 1965,Primera Division,Boca Juniors,River Plate,,,
113,1964,Campeonato de Primera Division 1964,Primera Division,Boca Juniors,Independiente,,,
114,1963,Campeonato de Primera Division 1963,Primera Division,Independiente,River Plate,,,
115,1962,Campeonato de Primera Division 1962,Primera Division,Boca Juniors,River Plate,,Quilmes;Ferro Carril Oeste,
116,1961,Campeonato de Primera Division 1961,Primera Division,Racing Club,San Lorenzo,,Los Andes;Lanus,
117,1960,Campeonato de Primera Division 1960,Primera Division,Independiente,River Plate,,Newells,
118,1959,Campeonato de Primera Division 1959,Primera Division,San Lorenzo,Racing Club,,Central Cordoba de Rosario,
119,1958,Campeonato de Primera Division 1958,Primera Division,Racing Club,Boca Juniors,,Tigre,
120,1957,Campeonato de Primera Division 1957,Primera Division,River Plate,San Lorenzo,,Ferro Carril Oeste,
121,1956,Campeonato de Primera Division 1956,Primera Division,River Plate,Lanus,,Chacarita Juniors,
122,1955,Campeonato de Primera Division 1955,Primera Division,River Plate,Racing Club,,Platense,
123,1954,Campeonato de Primera Division 1954,Primera Division,Boca Juniors,Independiente,,Banfield,
124,1953,Campeonato de Primera Division 1953,Primera Division,River Plate,Velez Sarsfield,,Estudiantes LP,
125,1952,Campeonato de Primera Division 1952,Primera Division,River Plate,Racing Club,,Atlanta,
126,1951,Campeonato de Primera Division 1951,Primera Division,Racing Club,Banfield,,Gimnasia LP;Quilmes,
127,1950,Campeonato de Primera Division 1950,Primera Division,Racing Club,Boca Juniors,,Rosario Central;Tigre,
128,1949,Campeonato de Primera Division 1949,Primera Division,Racing Club,River Plate,,Lanus,
129,1948,Campeonato de Primera Division 1948,Primera Division,Independiente,River Plate,,,
130,1947,Campeonato de Primera Division 1947,Primera Division,River Plate,Boca Juniors,,Atlanta,
131,1946,Campeonato de Primera Division 1946,Primera Division,San Lorenzo,Boca Juniors,,Ferro Carril Oeste,
132,1945,Campeonato de Primera Division 1945,Primera Division,River Plate,Boca Juniors,,Gimnasia LP,
133,1944,Campeonato de Primera Division 1944,Primera Division,Boca Juniors,River Plate,,Banfield,
134,1943,Campeonato de Primera Division 1943,Primera Division,Boca Juniors,River Plate,,Gimnasia LP,
135,1942,Campeonato de Primera Division 1942,Primera Division,River Plate,San Lorenzo,,Tigre,
136,1941,Campeonato de Primera Division 1941,Primera Division,River Plate,San Lorenzo,,Rosario Central,
137,1940,Campeonato de Primera Division 1940,Primera Division,Boca Juniors,Independiente,,Chacarita Juniors;Velez Sarsfield,
138,1939,Campeonato de Primera Division 1939,Primera Division,Independiente,River Plate,,Argentino de Quilmes,
139,1938,Campeonato de Primera Division 1938,Primera Division,Independiente,River Plate,,Almagro;Talleres RdE,
140,1937,Campeonato de Primera Division 1937,Primera Division,River Plate,Independiente,,Argentinos Juniors;Quilmes,
141,1936,Copa de Honor 1936,Primera Division,San Lorenzo,Huracan,,,
142,1936,Copa Campeonato 1936,Primera Division,River Plate,San Lorenzo,,,
143,1936,Copa de Oro 1936,Primera Division,River Plate,San Lorenzo,,,
144,1935,Campeonato de Primera Division 1935,Primera Division,Boca Juniors,Independiente,,,
145,1934,Campeonato de Primera Division LAF 1934,Primera Division,Boca Juniors,Independiente,,,
146,1934,Campeonato de Primera Division AAF 1934,Primera Division,Estudiantil Porteño,Banfield,,,
147,1933,Campeonato de Primera Division LAF 1933,Primera Division,San Lorenzo,Boca Juniors,,Tigre;Quilmes,
148,1933,Campeonato de Primera Division AAF 1933,Primera Division,Dock Sud,Nueva Chicago,,,
149,1932,Campeonato de Primera Division LAF 1932,Primera Division,River Plate,Independiente,,,
150,1932,Campeonato de Primera Division AAF 1932,Primera Division,Sportivo Barracas,Barracas Central,,Atletico Palermo,
151,1931,Campeonato de Primera Division LAF 1931,Primera Division,Boca Juniors,San Lorenzo,,,
152,1931,Campeonato de Primera Division AAF 1931,Primera Division,Estudiantil Porteño,Almagro,,San Fernando,
153,1930,Campeonato de Primera Division 1930,Primera Division,Boca Juniors,Estudiantes LP,,Honor y Patria;Argentino del Sud,
154,1929,Campeonato de Primera Division 1929,Primera Division,Gimnasia LP,Boca Juniors,,,
155,1928,Campeonato de Primera Division 1928,Primera Division,Huracan,Boca Juniors,,Porteño;Liberal Argentino,
156,1927,Campeonato de Primera Division 1927,Primera Division,San Lorenzo,Boca Juniors,,,
157,1926,Campeonato de Primera Division AMF 1926,Primera Division,Independiente,San Lorenzo,,,
158,1926,Campeonato de Primera Division AAF 1926,Primera Division,Boca Juniors,Argentinos Juniors,,,
159,1925,Campeonato de Primera Division AMF 1925,Primera Division,Racing Club,San Lorenzo,,,
160,1925,Campeonato de Primera Division AAF 1925,Primera Division,Huracan,Nueva Chicago,,,
161,1924,Campeonato de Primera Division AMF 1924,Primera Division,San Lorenzo,Gimnasia LP,,,
162,1924,Campeonato de Primera Division AAF 1924,Primera Division,Boca Juniors,Temperley,,,
163,1923,Campeonato de Primera Division AMF 1923,Primera Division,San Lorenzo,Independiente,,,
164,1923,Campeonato de Primera Division AAF 1923,Primera Division,Boca Juniors,Huracan,,,
165,1922,Campeonato de Primera Division AMF 1922,Primera Division,Independiente,River Plate,,Atletico Palermo,
166,1922,Campeonato de Primera Division AAF 1922,Primera Division,Huracan,Atletico Palermo,,,
167,1921,Campeonato de Primera Division AMF 1921,Primera Division,Racing Club,River Plate,,General Mitre,
168,1921,Campeonato de Primera Division AAF 1921,Primera Division,Huracan,Del Plata,,Universal,
169,1920,Campeonato de Primera Division AMF 1920,Primera Division,River Plate,Racing Club,,,
170,1920,Campeonato de Primera Division AAF 1920,Primera Division,Boca Juniors,Banfield,,,
171,1919,Campeonato de Primera Division AMF 1919,Primera Division,Racing Club,Velez Sarsfield,,,
172,1919,Campeonato de Primera Division AAF 1919,Primera Division,Boca Juniors,Estudiantes LP,,,